aiw,compression_ratio,coverage95,dense_params,dense_rL2,error_std_corr,experiment,final_rL2,final_source,guard_decision,nll,nu_pred,nu_rel_error,nu_true,problem,protocol_id,seed,split_id,structured_effective_params,structured_rL2,structured_trainable_params,structured_training_time_s,student_training_time_s,teacher_training_time_s,variant,timing_structured_training_time_s,timing_student_training_time_s,timing_teacher_training_time_s,Poisson_EXP_PINN.pth,model_size_Poisson_EXP_PINN.pth,Poisson_EXP_PINN_best.pth,model_size_Poisson_EXP_PINN_best.pth,Poisson_EXP_Student_MCDropout_student.pth,model_size_Poisson_EXP_Student_MCDropout_student.pth,Poisson_EXP_Student_MCDropout_student_best.pth,model_size_Poisson_EXP_Student_MCDropout_student_best.pth,Poisson_EXP_Student_MCDropout_student_mean_refined_best.pth,model_size_Poisson_EXP_Student_MCDropout_student_mean_refined_best.pth,Poisson_EXP_bayesian_structured.pth,model_size_Poisson_EXP_bayesian_structured.pth,Poisson_EXP_structured.pth,model_size_Poisson_EXP_structured.pth,decision_split,guard_decision_split,guard_final_source,guard_may_read_blind_labels,guard_guard_may_read_blind_labels,config_overrides,manifest_config_overrides,official_status,manifest_official_status,preset,manifest_preset,manifest_protocol_id,runtime_archive,manifest_runtime_archive,runtime_source_id,manifest_runtime_source_id,source_run_dir,derived_from,manifest_derived_from,reference_variant,manifest_reference_variant,source_mode,manifest_source_mode,Laplace_EXP_PINN.pth,model_size_Laplace_EXP_PINN.pth,Laplace_EXP_PINN_best.pth,model_size_Laplace_EXP_PINN_best.pth,Laplace_EXP_Student_MCDropout_student.pth,model_size_Laplace_EXP_Student_MCDropout_student.pth,Laplace_EXP_Student_MCDropout_student_best.pth,model_size_Laplace_EXP_Student_MCDropout_student_best.pth,Laplace_EXP_Student_MCDropout_student_mean_refined_best.pth,model_size_Laplace_EXP_Student_MCDropout_student_mean_refined_best.pth,Laplace_EXP_bayesian_structured.pth,model_size_Laplace_EXP_bayesian_structured.pth,Laplace_EXP_structured.pth,model_size_Laplace_EXP_structured.pth,Burgers_inv_EXP_PINN.pth,model_size_Burgers_inv_EXP_PINN.pth,Burgers_inv_EXP_PINN_best.pth,model_size_Burgers_inv_EXP_PINN_best.pth,Burgers_inv_EXP_Student_MCDropout_student.pth,model_size_Burgers_inv_EXP_Student_MCDropout_student.pth,Burgers_inv_EXP_Student_MCDropout_student_best.pth,model_size_Burgers_inv_EXP_Student_MCDropout_student_best.pth,Burgers_inv_EXP_Student_MCDropout_student_mean_refined_best.pth,model_size_Burgers_inv_EXP_Student_MCDropout_student_mean_refined_best.pth,Burgers_inv_EXP_bayesian_structured.pth,model_size_Burgers_inv_EXP_bayesian_structured.pth,Burgers_inv_EXP_structured.pth,model_size_Burgers_inv_EXP_structured.pth,calibrated_temperature,disagreement_weight,temperature_fitted_on,manifest_temperature_fitted_on,sensitivity_parameter,sensitivity_value,accepted_by_variant,guard_accepted_by_variant,accuracy_ok,guard_accuracy_ok,accuracy_ratio,guard_accuracy_ratio,accuracy_slack,guard_accuracy_slack,compression_ok,guard_compression_ok,guard_compression_ratio,dense_guard_rL2,guard_dense_guard_rL2,diagnostic_only,guard_diagnostic_only,minimum_compression_ratio,guard_minimum_compression_ratio,structured_guard_rL2,guard_structured_guard_rL2,manifest_sensitivity_parameter,manifest_sensitivity_value,uq_fields,manifest_uq_fields,stability_scope,manifest_stability_scope,inference_time_s,timing_inference_time_s,structure_discovery_time_s,timing_structure_discovery_time_s,accepted_by_guard,guard_accepted_by_guard,runtime_metrics,manifest_runtime_metrics,guard_guard_decision,unused_guard_set,guard_unused_guard_set,uses_teacher_distillation,manifest_uses_teacher_distillation,cuda_version,device_name,pytorch_version,ram_gb,teacher_params,total_wall_clock_time_s,timing_total_wall_clock_time_s,parameter_definition,manifest_parameter_definition,resource_accounting_source,manifest_resource_accounting_source,structured_checkpoint_compression_ratio,structured_original_params,nu_metric_scope,manifest_nu_metric_scope,runtime_case,manifest_runtime_case,manifest_seed
1.6215046241302508e-05,1.1266905330151153,0.9511428571428572,,0.00016998158332104862,0.425181709438545,reconstruction_ablation,0.00016998158332104862,dense_student,dense_student,-11.046140438539384,,,,poisson,unified_blind_protocol_v1,0,poisson_seed_0,,0.01886538812123741,,,1382.6936330795288,1006.3300483226776,without_pde_residual_loss,,1382.6936330795288,1006.3300483226776,26635.0,26635.0,26705.0,26705.0,27121.0,27121.0,27191.0,27191.0,27437.0,27437.0,40548096.0,40548096.0,40547817.0,40547817.0,guard_validation,guard_validation,dense_student,0.0,0.0,{'lambda_pde_recon': '0'},{'lambda_pde_recon': '0'},generated_by_runtime_config_ablation,generated_by_runtime_config_ablation,full,full,unified_blind_protocol_v1,runtime_engine/Results/supplementary/ablations/without_pde_residual_loss_Poisson_s0_20260525_215126,runtime_engine/Results/supplementary/ablations/without_pde_residual_loss_Poisson_s0_20260525_215126,integrated_runtime_engine,integrated_runtime_engine,reconstruction_ablation/poisson/without_pde_residual_loss/seed_0,,,,,,,,,,,,,,,,,,,,,,,,,,,,,,,,,,,,,,,,,,,,,,,,,,,,,,,,,,,,,,,,,,,,,,,,,,,,,,,,,,,,,,,,,,,,,,,,
1.8069892053581294e-05,1.1853944339820046,0.9505714285714286,,0.00018240730747398203,0.10128870369067396,reconstruction_ablation,0.00018240730747398203,dense_student,dense_student,-10.872948667286558,,,,poisson,unified_blind_protocol_v1,1,poisson_seed_1,,0.017816116884585616,,,2023.9052188396454,1057.764434337616,without_pde_residual_loss,,2023.9052188396454,1057.764434337616,26635.0,26635.0,26705.0,26705.0,27121.0,27121.0,27191.0,27191.0,27437.0,27437.0,38573504.0,38573504.0,38573161.0,38573161.0,guard_validation,guard_validation,dense_student,0.0,0.0,{'lambda_pde_recon': '0'},{'lambda_pde_recon': '0'},generated_by_runtime_config_ablation,generated_by_runtime_config_ablation,full,full,unified_blind_protocol_v1,runtime_engine/Results/supplementary/ablations/without_pde_residual_loss_Poisson_s1_20260525_230912,runtime_engine/Results/supplementary/ablations/without_pde_residual_loss_Poisson_s1_20260525_230912,integrated_runtime_engine,integrated_runtime_engine,reconstruction_ablation/poisson/without_pde_residual_loss/seed_1,,,,,,,,,,,,,,,,,,,,,,,,,,,,,,,,,,,,,,,,,,,,,,,,,,,,,,,,,,,,,,,,,,,,,,,,,,,,,,,,,,,,,,,,,,,,,,,,
2.452687846433035e-05,1.1158164270238329,0.9527142857142857,,0.000266809065803921,0.2093397322927317,reconstruction_ablation,0.000266809065803921,dense_student,dense_student,-10.501632752342031,,,,poisson,unified_blind_protocol_v1,2,poisson_seed_2,,0.02212532544830176,,,1964.6225371360779,2180.599481344223,without_pde_residual_loss,,1964.6225371360779,2180.599481344223,26635.0,26635.0,26705.0,26705.0,27121.0,27121.0,27191.0,27191.0,27437.0,27437.0,41017344.0,41017344.0,41017065.0,41017065.0,guard_validation,guard_validation,dense_student,0.0,0.0,{'lambda_pde_recon': '0'},{'lambda_pde_recon': '0'},generated_by_runtime_config_ablation,generated_by_runtime_config_ablation,full,full,unified_blind_protocol_v1,runtime_engine/Results/supplementary/ablations/without_pde_residual_loss_Poisson_s2_20260526_002916,runtime_engine/Results/supplementary/ablations/without_pde_residual_loss_Poisson_s2_20260526_002916,integrated_runtime_engine,integrated_runtime_engine,reconstruction_ablation/poisson/without_pde_residual_loss/seed_2,,,,,,,,,,,,,,,,,,,,,,,,,,,,,,,,,,,,,,,,,,,,,,,,,,,,,,,,,,,,,,,,,,,,,,,,,,,,,,,,,,,,,,,,,,,,,,,,
1.4985090068684568e-05,1.1134040880503144,0.9481428571428572,,0.00014011130703971782,0.5098104386329757,reconstruction_ablation,0.00014011130703971782,dense_student,dense_student,-11.247780745242038,,,,poisson,unified_blind_protocol_v1,3,poisson_seed_3,,0.018723735659252946,,,1406.8016850948334,1014.9441673755646,without_pde_residual_loss,,1406.8016850948334,1014.9441673755646,26635.0,26635.0,26705.0,26705.0,27121.0,27121.0,27191.0,27191.0,27437.0,27437.0,41182272.0,41182272.0,41181929.0,41181929.0,guard_validation,guard_validation,dense_student,0.0,0.0,{'lambda_pde_recon': '0'},{'lambda_pde_recon': '0'},generated_by_runtime_config_ablation,generated_by_runtime_config_ablation,full,full,unified_blind_protocol_v1,runtime_engine/Results/supplementary/ablations/without_pde_residual_loss_Poisson_s3_20260526_012039,runtime_engine/Results/supplementary/ablations/without_pde_residual_loss_Poisson_s3_20260526_012039,integrated_runtime_engine,integrated_runtime_engine,reconstruction_ablation/poisson/without_pde_residual_loss/seed_3,,,,,,,,,,,,,,,,,,,,,,,,,,,,,,,,,,,,,,,,,,,,,,,,,,,,,,,,,,,,,,,,,,,,,,,,,,,,,,,,,,,,,,,,,,,,,,,,
3.158586667529923e-05,1.1407571486105517,0.9458571428571428,,0.00035878538365114045,0.46835118787704455,reconstruction_ablation,0.00035878538365114045,dense_student,dense_student,-10.404742308753574,,,,poisson,unified_blind_protocol_v1,4,poisson_seed_4,,0.020560471289444913,,,1407.600672006607,1019.686172246933,without_pde_residual_loss,,1407.600672006607,1019.686172246933,26635.0,26635.0,26705.0,26705.0,27121.0,27121.0,27191.0,27191.0,27437.0,27437.0,39924224.0,39924224.0,39923881.0,39923881.0,guard_validation,guard_validation,dense_student,0.0,0.0,{'lambda_pde_recon': '0'},{'lambda_pde_recon': '0'},generated_by_runtime_config_ablation,generated_by_runtime_config_ablation,full,full,unified_blind_protocol_v1,runtime_engine/Results/supplementary/ablations/without_pde_residual_loss_Poisson_s4_20260526_021212,runtime_engine/Results/supplementary/ablations/without_pde_residual_loss_Poisson_s4_20260526_021212,integrated_runtime_engine,integrated_runtime_engine,reconstruction_ablation/poisson/without_pde_residual_loss/seed_4,,,,,,,,,,,,,,,,,,,,,,,,,,,,,,,,,,,,,,,,,,,,,,,,,,,,,,,,,,,,,,,,,,,,,,,,,,,,,,,,,,,,,,,,,,,,,,,,
0.006893370096897308,1.1088275592092387,0.9498571428571428,,0.07496357735163839,0.4267655848865774,reconstruction_ablation,0.07496357735163839,dense_student,dense_student,-4.976163627205358,,,,poisson,unified_blind_protocol_v1,0,poisson_seed_0,,0.18774006078473007,,,1303.764476776123,948.1656210422516,without_hard_boundary_condition,,1303.764476776123,948.1656210422516,26635.0,26635.0,26705.0,26705.0,27121.0,27121.0,27191.0,27191.0,27437.0,27437.0,41260928.0,41260928.0,41260649.0,41260649.0,guard_validation,guard_validation,dense_student,0.0,0.0,{'use_hard_bc': 'False'},{'use_hard_bc': 'False'},generated_by_runtime_config_ablation,generated_by_runtime_config_ablation,full,full,unified_blind_protocol_v1,runtime_engine/Results/supplementary/ablations/without_hard_boundary_condition_Poisson_s0_20260526_153606,runtime_engine/Results/supplementary/ablations/without_hard_boundary_condition_Poisson_s0_20260526_153606,integrated_runtime_engine,integrated_runtime_engine,reconstruction_ablation/poisson/without_hard_boundary_condition/seed_0,,,,,,,,,,,,,,,,,,,,,,,,,,,,,,,,,,,,,,,,,,,,,,,,,,,,,,,,,,,,,,,,,,,,,,,,,,,,,,,,,,,,,,,,,,,,,,,,
0.007122487014610735,1.1728778467908902,0.9512857142857143,,0.07738336267215487,0.5021726652245402,reconstruction_ablation,0.07738336267215487,dense_student,dense_student,-5.006378832173301,,,,poisson,unified_blind_protocol_v1,1,poisson_seed_1,,0.1813721051867723,,,1299.5770063400269,949.8405356407166,without_hard_boundary_condition,,1299.5770063400269,949.8405356407166,26635.0,26635.0,26705.0,26705.0,27121.0,27121.0,27191.0,27191.0,27437.0,27437.0,38882944.0,38882944.0,38882665.0,38882665.0,guard_validation,guard_validation,dense_student,0.0,0.0,{'use_hard_bc': 'False'},{'use_hard_bc': 'False'},generated_by_runtime_config_ablation,generated_by_runtime_config_ablation,full,full,unified_blind_protocol_v1,runtime_engine/Results/supplementary/ablations/without_hard_boundary_condition_Poisson_s1_20260526_162340,runtime_engine/Results/supplementary/ablations/without_hard_boundary_condition_Poisson_s1_20260526_162340,integrated_runtime_engine,integrated_runtime_engine,reconstruction_ablation/poisson/without_hard_boundary_condition/seed_1,,,,,,,,,,,,,,,,,,,,,,,,,,,,,,,,,,,,,,,,,,,,,,,,,,,,,,,,,,,,,,,,,,,,,,,,,,,,,,,,,,,,,,,,,,,,,,,,
0.008179463003098936,1.112966601178782,0.9542857142857143,,0.08854227378343249,0.5517533133768381,reconstruction_ablation,0.08854227378343249,dense_student,dense_student,-4.866852942236312,,,,poisson,unified_blind_protocol_v1,2,poisson_seed_2,,0.19412723785193367,,,1229.9765417575836,907.3252928256989,without_hard_boundary_condition,,1229.9765417575836,907.3252928256989,26635.0,26635.0,26705.0,26705.0,27121.0,27121.0,27191.0,27191.0,27437.0,27437.0,41160640.0,41160640.0,41160233.0,41160233.0,guard_validation,guard_validation,dense_student,0.0,0.0,{'use_hard_bc': 'False'},{'use_hard_bc': 'False'},generated_by_runtime_config_ablation,generated_by_runtime_config_ablation,full,full,unified_blind_protocol_v1,runtime_engine/Results/supplementary/ablations/without_hard_boundary_condition_Poisson_s2_20260526_170851,runtime_engine/Results/supplementary/ablations/without_hard_boundary_condition_Poisson_s2_20260526_170851,integrated_runtime_engine,integrated_runtime_engine,reconstruction_ablation/poisson/without_hard_boundary_condition/seed_2,,,,,,,,,,,,,,,,,,,,,,,,,,,,,,,,,,,,,,,,,,,,,,,,,,,,,,,,,,,,,,,,,,,,,,,,,,,,,,,,,,,,,,,,,,,,,,,,
0.010467297593043457,1.0982939123691353,0.9511428571428572,,0.09648615327562197,0.2009109631226107,reconstruction_ablation,0.09648615327562197,dense_student,dense_student,-4.614223603546706,,,,poisson,unified_blind_protocol_v1,3,poisson_seed_3,,0.14114797847795268,,,1312.5617694854736,1475.3979201316833,without_hard_boundary_condition,,1312.5617694854736,1475.3979201316833,26635.0,26635.0,26705.0,26705.0,27121.0,27121.0,27191.0,27191.0,27437.0,27437.0,41638144.0,41638144.0,41637865.0,41637865.0,guard_validation,guard_validation,dense_student,0.0,0.0,{'use_hard_bc': 'False'},{'use_hard_bc': 'False'},generated_by_runtime_config_ablation,generated_by_runtime_config_ablation,full,full,unified_blind_protocol_v1,runtime_engine/Results/supplementary/ablations/without_hard_boundary_condition_Poisson_s3_20260526_180514,runtime_engine/Results/supplementary/ablations/without_hard_boundary_condition_Poisson_s3_20260526_180514,integrated_runtime_engine,integrated_runtime_engine,reconstruction_ablation/poisson/without_hard_boundary_condition/seed_3,,,,,,,,,,,,,,,,,,,,,,,,,,,,,,,,,,,,,,,,,,,,,,,,,,,,,,,,,,,,,,,,,,,,,,,,,,,,,,,,,,,,,,,,,,,,,,,,
0.008904168311109985,1.1136229604875172,0.9475714285714286,,0.08873030679907631,0.3759252129434448,reconstruction_ablation,0.08873030679907631,dense_student,dense_student,-4.779946307574852,,,,poisson,unified_blind_protocol_v1,4,poisson_seed_4,,0.1696039071963054,,,1218.570760011673,882.3224945068359,without_hard_boundary_condition,,1218.570760011673,882.3224945068359,26635.0,26635.0,26705.0,26705.0,27121.0,27121.0,27191.0,27191.0,27437.0,27437.0,41063744.0,41063744.0,41063401.0,41063401.0,guard_validation,guard_validation,dense_student,0.0,0.0,{'use_hard_bc': 'False'},{'use_hard_bc': 'False'},generated_by_runtime_config_ablation,generated_by_runtime_config_ablation,full,full,unified_blind_protocol_v1,runtime_engine/Results/supplementary/ablations/without_hard_boundary_condition_Poisson_s4_20260526_184947,runtime_engine/Results/supplementary/ablations/without_hard_boundary_condition_Poisson_s4_20260526_184947,integrated_runtime_engine,integrated_runtime_engine,reconstruction_ablation/poisson/without_hard_boundary_condition/seed_4,,,,,,,,,,,,,,,,,,,,,,,,,,,,,,,,,,,,,,,,,,,,,,,,,,,,,,,,,,,,,,,,,,,,,,,,,,,,,,,,,,,,,,,,,,,,,,,,
1.5587187430538438e-05,1.1266905330151153,0.9512857142857143,,0.00016998158332104862,0.4410582510511109,reconstruction_ablation,0.00016998158332104862,dense_student,dense_student,-11.060725626695202,,,,poisson,unified_blind_protocol_v1,0,poisson_seed_0,,0.002599800447851269,,,1407.1251196861267,1021.4901118278503,without_distillation_loss,,1407.1251196861267,1021.4901118278503,26635.0,26635.0,26705.0,26705.0,27121.0,27121.0,27191.0,27191.0,27437.0,27437.0,40522328.0,40522328.0,40522121.0,40522121.0,guard_validation,guard_validation,dense_student,0.0,0.0,"{'anchor_pretrain_steps': '0', 'lambda_anchor_recon': '0', 'lambda_distill_recon': '0'}","{'anchor_pretrain_steps': '0', 'lambda_anchor_recon': '0', 'lambda_distill_recon': '0'}",generated_by_runtime_config_ablation,generated_by_runtime_config_ablation,full,full,unified_blind_protocol_v1,runtime_engine/Results/supplementary/ablations/without_distillation_loss_Poisson_s0_20260526_072913,runtime_engine/Results/supplementary/ablations/without_distillation_loss_Poisson_s0_20260526_072913,integrated_runtime_engine,integrated_runtime_engine,reconstruction_ablation/poisson/without_distillation_loss/seed_0,,,,,,,,,,,,,,,,,,,,,,,,,,,,,,,,,,,,,,,,,,,,,,,,,,,,,,,,,,,,,,,,,,,,,,,,,,,,,,,,,,,,,,,,,,,,,,,,
1.8199131947442813e-05,1.1853944339820046,0.9525714285714286,,0.00018240730747398203,0.09803007424198643,reconstruction_ablation,0.00018240730747398203,dense_student,dense_student,-10.872944228509969,,,,poisson,unified_blind_protocol_v1,1,poisson_seed_1,,0.004318761464655395,,,1467.5569472312927,1063.8334393501282,without_distillation_loss,,1467.5569472312927,1063.8334393501282,26635.0,26635.0,26705.0,26705.0,27121.0,27121.0,27191.0,27191.0,27437.0,27437.0,38547736.0,38547736.0,38547465.0,38547465.0,guard_validation,guard_validation,dense_student,0.0,0.0,"{'anchor_pretrain_steps': '0', 'lambda_anchor_recon': '0', 'lambda_distill_recon': '0'}","{'anchor_pretrain_steps': '0', 'lambda_anchor_recon': '0', 'lambda_distill_recon': '0'}",generated_by_runtime_config_ablation,generated_by_runtime_config_ablation,full,full,unified_blind_protocol_v1,runtime_engine/Results/supplementary/ablations/without_distillation_loss_Poisson_s1_20260526_082148,runtime_engine/Results/supplementary/ablations/without_distillation_loss_Poisson_s1_20260526_082148,integrated_runtime_engine,integrated_runtime_engine,reconstruction_ablation/poisson/without_distillation_loss/seed_1,,,,,,,,,,,,,,,,,,,,,,,,,,,,,,,,,,,,,,,,,,,,,,,,,,,,,,,,,,,,,,,,,,,,,,,,,,,,,,,,,,,,,,,,,,,,,,,,
2.5823933568918094e-05,1.1158164270238329,0.9518571428571428,,0.000266809065803921,0.20851026811190887,reconstruction_ablation,0.000266809065803921,dense_student,dense_student,-10.501061964115467,,,,poisson,unified_blind_protocol_v1,2,poisson_seed_2,,0.0020435875638669552,,,1478.7142865657806,1062.603889465332,without_distillation_loss,,1478.7142865657806,1062.603889465332,26635.0,26635.0,26705.0,26705.0,27121.0,27121.0,27191.0,27191.0,27437.0,27437.0,40991576.0,40991576.0,40991369.0,40991369.0,guard_validation,guard_validation,dense_student,0.0,0.0,"{'anchor_pretrain_steps': '0', 'lambda_anchor_recon': '0', 'lambda_distill_recon': '0'}","{'anchor_pretrain_steps': '0', 'lambda_anchor_recon': '0', 'lambda_distill_recon': '0'}",generated_by_runtime_config_ablation,generated_by_runtime_config_ablation,full,full,unified_blind_protocol_v1,runtime_engine/Results/supplementary/ablations/without_distillation_loss_Poisson_s2_20260526_091443,runtime_engine/Results/supplementary/ablations/without_distillation_loss_Poisson_s2_20260526_091443,integrated_runtime_engine,integrated_runtime_engine,reconstruction_ablation/poisson/without_distillation_loss/seed_2,,,,,,,,,,,,,,,,,,,,,,,,,,,,,,,,,,,,,,,,,,,,,,,,,,,,,,,,,,,,,,,,,,,,,,,,,,,,,,,,,,,,,,,,,,,,,,,,
1.3704196842253087e-05,1.1134040880503144,0.9485714285714286,,0.00014011130703971782,0.6955914132908385,reconstruction_ablation,0.00014011130703971782,dense_student,dense_student,-11.310261884722516,,,,poisson,unified_blind_protocol_v1,3,poisson_seed_3,,0.0019952443902484045,,,1474.6169109344482,1064.9591042995453,without_distillation_loss,,1474.6169109344482,1064.9591042995453,26635.0,26635.0,26705.0,26705.0,27121.0,27121.0,27191.0,27191.0,27437.0,27437.0,41156504.0,41156504.0,41156233.0,41156233.0,guard_validation,guard_validation,dense_student,0.0,0.0,"{'anchor_pretrain_steps': '0', 'lambda_anchor_recon': '0', 'lambda_distill_recon': '0'}","{'anchor_pretrain_steps': '0', 'lambda_anchor_recon': '0', 'lambda_distill_recon': '0'}",generated_by_runtime_config_ablation,generated_by_runtime_config_ablation,full,full,unified_blind_protocol_v1,runtime_engine/Results/supplementary/ablations/without_distillation_loss_Poisson_s3_20260526_100731,runtime_engine/Results/supplementary/ablations/without_distillation_loss_Poisson_s3_20260526_100731,integrated_runtime_engine,integrated_runtime_engine,reconstruction_ablation/poisson/without_distillation_loss/seed_3,,,,,,,,,,,,,,,,,,,,,,,,,,,,,,,,,,,,,,,,,,,,,,,,,,,,,,,,,,,,,,,,,,,,,,,,,,,,,,,,,,,,,,,,,,,,,,,,
3.57578674784428e-05,1.1407571486105517,0.9472857142857143,,0.00035878538365114045,0.46739932459711026,reconstruction_ablation,0.00035878538365114045,dense_student,dense_student,-10.447072723801485,,,,poisson,unified_blind_protocol_v1,4,poisson_seed_4,,0.010822620636243301,,,1408.3610389232635,1019.4323165416718,without_distillation_loss,,1408.3610389232635,1019.4323165416718,26635.0,26635.0,26705.0,26705.0,27121.0,27121.0,27191.0,27191.0,27437.0,27437.0,39898456.0,39898456.0,39898185.0,39898185.0,guard_validation,guard_validation,dense_student,0.0,0.0,"{'anchor_pretrain_steps': '0', 'lambda_anchor_recon': '0', 'lambda_distill_recon': '0'}","{'anchor_pretrain_steps': '0', 'lambda_anchor_recon': '0', 'lambda_distill_recon': '0'}",generated_by_runtime_config_ablation,generated_by_runtime_config_ablation,full,full,unified_blind_protocol_v1,runtime_engine/Results/supplementary/ablations/without_distillation_loss_Poisson_s4_20260526_105757,runtime_engine/Results/supplementary/ablations/without_distillation_loss_Poisson_s4_20260526_105757,integrated_runtime_engine,integrated_runtime_engine,reconstruction_ablation/poisson/without_distillation_loss/seed_4,,,,,,,,,,,,,,,,,,,,,,,,,,,,,,,,,,,,,,,,,,,,,,,,,,,,,,,,,,,,,,,,,,,,,,,,,,,,,,,,,,,,,,,,,,,,,,,,
1.4596969357962567e-05,1.1266905330151153,0.9527142857142857,,0.00016998158332104862,0.5727412423734888,reconstruction_ablation,0.00016998158332104862,dense_student,dense_student,-11.101755496776356,,,,poisson,unified_blind_protocol_v1,0,poisson_seed_0,,0.0013032274215240812,,,1469.7036972045898,1054.024915933609,without_boundary_or_initial_loss,,1469.7036972045898,1054.024915933609,26635.0,26635.0,26705.0,26705.0,27121.0,27121.0,27191.0,27191.0,27437.0,27437.0,40548096.0,40548096.0,40547817.0,40547817.0,guard_validation,guard_validation,dense_student,0.0,0.0,{'lambda_bc_recon': '0'},{'lambda_bc_recon': '0'},generated_by_runtime_config_ablation,generated_by_runtime_config_ablation,full,full,unified_blind_protocol_v1,runtime_engine/Results/supplementary/ablations/without_boundary_or_initial_loss_Poisson_s0_20260526_030545,runtime_engine/Results/supplementary/ablations/without_boundary_or_initial_loss_Poisson_s0_20260526_030545,integrated_runtime_engine,integrated_runtime_engine,reconstruction_ablation/poisson/without_boundary_or_initial_loss/seed_0,,,,,,,,,,,,,,,,,,,,,,,,,,,,,,,,,,,,,,,,,,,,,,,,,,,,,,,,,,,,,,,,,,,,,,,,,,,,,,,,,,,,,,,,,,,,,,,,
1.8745214452402943e-05,1.1853944339820046,0.9524285714285714,,0.00018240730747398203,0.09905530261360503,reconstruction_ablation,0.00018240730747398203,dense_student,dense_student,-10.870613642308873,,,,poisson,unified_blind_protocol_v1,1,poisson_seed_1,,0.0036466809809265178,,,1464.4507765769958,1058.214441537857,without_boundary_or_initial_loss,,1464.4507765769958,1058.214441537857,26635.0,26635.0,26705.0,26705.0,27121.0,27121.0,27191.0,27191.0,27437.0,27437.0,38573504.0,38573504.0,38573161.0,38573161.0,guard_validation,guard_validation,dense_student,0.0,0.0,{'lambda_bc_recon': '0'},{'lambda_bc_recon': '0'},generated_by_runtime_config_ablation,generated_by_runtime_config_ablation,full,full,unified_blind_protocol_v1,runtime_engine/Results/supplementary/ablations/without_boundary_or_initial_loss_Poisson_s1_20260526_035919,runtime_engine/Results/supplementary/ablations/without_boundary_or_initial_loss_Poisson_s1_20260526_035919,integrated_runtime_engine,integrated_runtime_engine,reconstruction_ablation/poisson/without_boundary_or_initial_loss/seed_1,,,,,,,,,,,,,,,,,,,,,,,,,,,,,,,,,,,,,,,,,,,,,,,,,,,,,,,,,,,,,,,,,,,,,,,,,,,,,,,,,,,,,,,,,,,,,,,,
2.5079305178330006e-05,1.1158164270238329,0.9488571428571428,,0.000266809065803921,0.2084036869625076,reconstruction_ablation,0.000266809065803921,dense_student,dense_student,-10.501152202907596,,,,poisson,unified_blind_protocol_v1,2,poisson_seed_2,,0.0027118429994326455,,,1409.0880858898163,1018.0367817878723,without_boundary_or_initial_loss,,1409.0880858898163,1018.0367817878723,26635.0,26635.0,26705.0,26705.0,27121.0,27121.0,27191.0,27191.0,27437.0,27437.0,41017344.0,41017344.0,41017065.0,41017065.0,guard_validation,guard_validation,dense_student,0.0,0.0,{'lambda_bc_recon': '0'},{'lambda_bc_recon': '0'},generated_by_runtime_config_ablation,generated_by_runtime_config_ablation,full,full,unified_blind_protocol_v1,runtime_engine/Results/supplementary/ablations/without_boundary_or_initial_loss_Poisson_s2_20260526_045049,runtime_engine/Results/supplementary/ablations/without_boundary_or_initial_loss_Poisson_s2_20260526_045049,integrated_runtime_engine,integrated_runtime_engine,reconstruction_ablation/poisson/without_boundary_or_initial_loss/seed_2,,,,,,,,,,,,,,,,,,,,,,,,,,,,,,,,,,,,,,,,,,,,,,,,,,,,,,,,,,,,,,,,,,,,,,,,,,,,,,,,,,,,,,,,,,,,,,,,
1.640781945262227e-05,1.1134040880503144,0.9438571428571428,,0.00014011130703971782,0.5063518805873034,reconstruction_ablation,0.00014011130703971782,dense_student,dense_student,-11.205675113465562,,,,poisson,unified_blind_protocol_v1,3,poisson_seed_3,,0.0021706335623056915,,,1461.980302810669,1062.0598638057709,without_boundary_or_initial_loss,,1461.980302810669,1062.0598638057709,26635.0,26635.0,26705.0,26705.0,27121.0,27121.0,27191.0,27191.0,27437.0,27437.0,41182272.0,41182272.0,41181929.0,41181929.0,guard_validation,guard_validation,dense_student,0.0,0.0,{'lambda_bc_recon': '0'},{'lambda_bc_recon': '0'},generated_by_runtime_config_ablation,generated_by_runtime_config_ablation,full,full,unified_blind_protocol_v1,runtime_engine/Results/supplementary/ablations/without_boundary_or_initial_loss_Poisson_s3_20260526_054438,runtime_engine/Results/supplementary/ablations/without_boundary_or_initial_loss_Poisson_s3_20260526_054438,integrated_runtime_engine,integrated_runtime_engine,reconstruction_ablation/poisson/without_boundary_or_initial_loss/seed_3,,,,,,,,,,,,,,,,,,,,,,,,,,,,,,,,,,,,,,,,,,,,,,,,,,,,,,,,,,,,,,,,,,,,,,,,,,,,,,,,,,,,,,,,,,,,,,,,
3.333483901719842e-05,1.1407571486105517,0.9502857142857143,,0.00035878538365114045,0.4679877530120856,reconstruction_ablation,0.00035878538365114045,dense_student,dense_student,-10.435528711532555,,,,poisson,unified_blind_protocol_v1,4,poisson_seed_4,,0.0036501946424721747,,,1472.9053859710693,1066.2132449150085,without_boundary_or_initial_loss,,1472.9053859710693,1066.2132449150085,26635.0,26635.0,26705.0,26705.0,27121.0,27121.0,27191.0,27191.0,27437.0,27437.0,39924224.0,39924224.0,39923881.0,39923881.0,guard_validation,guard_validation,dense_student,0.0,0.0,{'lambda_bc_recon': '0'},{'lambda_bc_recon': '0'},generated_by_runtime_config_ablation,generated_by_runtime_config_ablation,full,full,unified_blind_protocol_v1,runtime_engine/Results/supplementary/ablations/without_boundary_or_initial_loss_Poisson_s4_20260526_063834,runtime_engine/Results/supplementary/ablations/without_boundary_or_initial_loss_Poisson_s4_20260526_063834,integrated_runtime_engine,integrated_runtime_engine,reconstruction_ablation/poisson/without_boundary_or_initial_loss/seed_4,,,,,,,,,,,,,,,,,,,,,,,,,,,,,,,,,,,,,,,,,,,,,,,,,,,,,,,,,,,,,,,,,,,,,,,,,,,,,,,,,,,,,,,,,,,,,,,,
1.53361814360718e-05,1.1425978217022994,0.9522857142857143,,0.000161872276866365,0.6673452000722015,reconstruction_ablation,0.000161872276866365,dense_student,dense_student,-11.183411513064971,,,,poisson,unified_blind_protocol_v1,0,poisson_seed_0,,0.0027852814693490506,,,,,full_structured_reconstruction,,,,,,,,,,,,,,,,,,guard_validation,guard_validation,dense_student,0.0,0.0,,,derived_from_blind_safe_main_contract,derived_from_blind_safe_main_contract,,,unified_blind_protocol_v1,,,integrated_runtime_engine,integrated_runtime_engine,reconstruction_ablation/poisson/full_structured_reconstruction/seed_0,results/unified_blind_protocol/main_blind/poisson/full_gbsd/seed_0,results/unified_blind_protocol/main_blind/poisson/full_gbsd/seed_0,1.0,1.0,final,final,,,,,,,,,,,,,,,,,,,,,,,,,,,,,,,,,,,,,,,,,,,,,,,,,,,,,,,,,,,,,,,,,,,,,,,,,,,,,,,,,,,,,,,,,,
1.7594174997244104e-05,1.1057973843451103,0.9564285714285714,,0.00018122323818367935,0.3028987254620011,reconstruction_ablation,0.00018122323818367935,dense_student,dense_student,-10.907233424260449,,,,poisson,unified_blind_protocol_v1,1,poisson_seed_1,,0.002884528348252531,,,,,full_structured_reconstruction,,,,,,,,,,,,,,,,,,guard_validation,guard_validation,dense_student,0.0,0.0,,,derived_from_blind_safe_main_contract,derived_from_blind_safe_main_contract,,,unified_blind_protocol_v1,,,integrated_runtime_engine,integrated_runtime_engine,reconstruction_ablation/poisson/full_structured_reconstruction/seed_1,results/unified_blind_protocol/main_blind/poisson/full_gbsd/seed_1,results/unified_blind_protocol/main_blind/poisson/full_gbsd/seed_1,1.0,1.0,final,final,,,,,,,,,,,,,,,,,,,,,,,,,,,,,,,,,,,,,,,,,,,,,,,,,,,,,,,,,,,,,,,,,,,,,,,,,,,,,,,,,,,,,,,,,,
1.7683400142173258e-05,1.1407571486105517,0.9511428571428572,,0.00019403890601379044,0.5663304038539574,reconstruction_ablation,0.00019403890601379044,dense_student,dense_student,-10.953847439095872,,,,poisson,unified_blind_protocol_v1,2,poisson_seed_2,,0.004371822894880962,,,,,full_structured_reconstruction,,,,,,,,,,,,,,,,,,guard_validation,guard_validation,dense_student,0.0,0.0,,,derived_from_blind_safe_main_contract,derived_from_blind_safe_main_contract,,,unified_blind_protocol_v1,,,integrated_runtime_engine,integrated_runtime_engine,reconstruction_ablation/poisson/full_structured_reconstruction/seed_2,results/unified_blind_protocol/main_blind/poisson/full_gbsd/seed_2,results/unified_blind_protocol/main_blind/poisson/full_gbsd/seed_2,1.0,1.0,final,final,,,,,,,,,,,,,,,,,,,,,,,,,,,,,,,,,,,,,,,,,,,,,,,,,,,,,,,,,,,,,,,,,,,,,,,,,,,,,,,,,,,,,,,,,,
1.4850773498334267e-05,1.1318681318681318,0.946,,0.0001584701361370743,0.522727598614022,reconstruction_ablation,0.0001584701361370743,dense_student,dense_student,-11.100119826081608,,,,poisson,unified_blind_protocol_v1,3,poisson_seed_3,,0.0027198405341276664,,,,,full_structured_reconstruction,,,,,,,,,,,,,,,,,,guard_validation,guard_validation,dense_student,0.0,0.0,,,derived_from_blind_safe_main_contract,derived_from_blind_safe_main_contract,,,unified_blind_protocol_v1,,,integrated_runtime_engine,integrated_runtime_engine,reconstruction_ablation/poisson/full_structured_reconstruction/seed_3,results/unified_blind_protocol/main_blind/poisson/full_gbsd/seed_3,results/unified_blind_protocol/main_blind/poisson/full_gbsd/seed_3,1.0,1.0,final,final,,,,,,,,,,,,,,,,,,,,,,,,,,,,,,,,,,,,,,,,,,,,,,,,,,,,,,,,,,,,,,,,,,,,,,,,,,,,,,,,,,,,,,,,,,
1.816041704108971e-05,1.10752688172043,0.9421428571428572,,0.00019492872141373358,0.3402065585094801,reconstruction_ablation,0.00019492872141373358,dense_student,dense_student,-10.885154518706686,,,,poisson,unified_blind_protocol_v1,4,poisson_seed_4,,0.001254737437094634,,,,,full_structured_reconstruction,,,,,,,,,,,,,,,,,,guard_validation,guard_validation,dense_student,0.0,0.0,,,derived_from_blind_safe_main_contract,derived_from_blind_safe_main_contract,,,unified_blind_protocol_v1,,,integrated_runtime_engine,integrated_runtime_engine,reconstruction_ablation/poisson/full_structured_reconstruction/seed_4,results/unified_blind_protocol/main_blind/poisson/full_gbsd/seed_4,results/unified_blind_protocol/main_blind/poisson/full_gbsd/seed_4,1.0,1.0,final,final,,,,,,,,,,,,,,,,,,,,,,,,,,,,,,,,,,,,,,,,,,,,,,,,,,,,,,,,,,,,,,,,,,,,,,,,,,,,,,,,,,,,,,,,,,
0.0003020203061713255,1.1116071428571428,0.9448571428571428,,0.00014458900614048,0.44597565223928287,reconstruction_ablation,0.00014458900614048,dense_student,dense_student,-8.040251892156022,,,,laplace,unified_blind_protocol_v1,0,laplace_seed_0,,0.015546435434559035,,,194.9491982460022,119.50315594673157,without_pde_residual_loss,,194.9491982460022,119.50315594673157,,,,,,,,,,,,,,,guard_validation,guard_validation,dense_student,0.0,0.0,{'lambda_pde_recon': '0'},{'lambda_pde_recon': '0'},generated_by_runtime_config_ablation,generated_by_runtime_config_ablation,full,full,unified_blind_protocol_v1,runtime_engine/Results/supplementary/ablations/without_pde_residual_loss_Laplace_s0_20260525_182833,runtime_engine/Results/supplementary/ablations/without_pde_residual_loss_Laplace_s0_20260525_182833,integrated_runtime_engine,integrated_runtime_engine,reconstruction_ablation/laplace/without_pde_residual_loss/seed_0,,,,,,,12939.0,12939.0,13009.0,13009.0,13425.0,13425.0,13495.0,13495.0,13741.0,13741.0,9002944.0,9002944.0,9002665.0,9002665.0,,,,,,,,,,,,,,,,,,,,,,,,,,,,,,,,,,,,,,,,,,,,,,,,,,,,,,,,,,,,,,,,,,,,,,,,,,,,
0.0005034129457134986,1.1323900960080848,0.9475714285714286,,0.00020787069091910047,-0.11842536635503285,reconstruction_ablation,0.00020787069091910047,dense_student,dense_student,-7.528828253914824,,,,laplace,unified_blind_protocol_v1,1,laplace_seed_1,,0.014136169381959142,,,201.21585297584534,126.62599515914917,without_pde_residual_loss,,201.21585297584534,126.62599515914917,,,,,,,,,,,,,,,guard_validation,guard_validation,dense_student,0.0,0.0,{'lambda_pde_recon': '0'},{'lambda_pde_recon': '0'},generated_by_runtime_config_ablation,generated_by_runtime_config_ablation,full,full,unified_blind_protocol_v1,runtime_engine/Results/supplementary/ablations/without_pde_residual_loss_Laplace_s1_20260525_183943,runtime_engine/Results/supplementary/ablations/without_pde_residual_loss_Laplace_s1_20260525_183943,integrated_runtime_engine,integrated_runtime_engine,reconstruction_ablation/laplace/without_pde_residual_loss/seed_1,,,,,,,12939.0,12939.0,13009.0,13009.0,13425.0,13425.0,13495.0,13495.0,13741.0,13741.0,8858688.0,8858688.0,8858409.0,8858409.0,,,,,,,,,,,,,,,,,,,,,,,,,,,,,,,,,,,,,,,,,,,,,,,,,,,,,,,,,,,,,,,,,,,,,,,,,,,,
0.0006774864538217662,1.1480532786885247,0.953,,0.0003075284545049597,-0.16828700021796728,reconstruction_ablation,0.0003075284545049597,dense_student,dense_student,-7.119456627582703,,,,laplace,unified_blind_protocol_v1,2,laplace_seed_2,,0.013041149145937146,,,204.18496203422546,133.3639862537384,without_pde_residual_loss,,204.18496203422546,133.3639862537384,,,,,,,,,,,,,,,guard_validation,guard_validation,dense_student,0.0,0.0,{'lambda_pde_recon': '0'},{'lambda_pde_recon': '0'},generated_by_runtime_config_ablation,generated_by_runtime_config_ablation,full,full,unified_blind_protocol_v1,runtime_engine/Results/supplementary/ablations/without_pde_residual_loss_Laplace_s2_20260525_185106,runtime_engine/Results/supplementary/ablations/without_pde_residual_loss_Laplace_s2_20260525_185106,integrated_runtime_engine,integrated_runtime_engine,reconstruction_ablation/laplace/without_pde_residual_loss/seed_2,,,,,,,12939.0,12939.0,13009.0,13009.0,13425.0,13425.0,13495.0,13495.0,13741.0,13741.0,8740224.0,8740224.0,8739881.0,8739881.0,,,,,,,,,,,,,,,,,,,,,,,,,,,,,,,,,,,,,,,,,,,,,,,,,,,,,,,,,,,,,,,,,,,,,,,,,,,,
0.0003337409924846724,1.0996074582924436,0.9595714285714285,,0.00013404307449738063,0.4537245336770839,reconstruction_ablation,0.00013404307449738063,dense_student,dense_student,-8.095413796090956,,,,laplace,unified_blind_protocol_v1,3,laplace_seed_3,,0.012081286376392376,,,198.58303833007812,125.08850526809692,without_pde_residual_loss,,198.58303833007812,125.08850526809692,,,,,,,,,,,,,,,guard_validation,guard_validation,dense_student,0.0,0.0,{'lambda_pde_recon': '0'},{'lambda_pde_recon': '0'},generated_by_runtime_config_ablation,generated_by_runtime_config_ablation,full,full,unified_blind_protocol_v1,runtime_engine/Results/supplementary/ablations/without_pde_residual_loss_Laplace_s3_20260525_190200,runtime_engine/Results/supplementary/ablations/without_pde_residual_loss_Laplace_s3_20260525_190200,integrated_runtime_engine,integrated_runtime_engine,reconstruction_ablation/laplace/without_pde_residual_loss/seed_3,,,,,,,12939.0,12939.0,13009.0,13009.0,13425.0,13425.0,13495.0,13495.0,13741.0,13741.0,9093312.0,9093312.0,9093033.0,9093033.0,,,,,,,,,,,,,,,,,,,,,,,,,,,,,,,,,,,,,,,,,,,,,,,,,,,,,,,,,,,,,,,,,,,,,,,,,,,,
0.0005757145547436084,1.1301059001512859,0.9508571428571428,,0.0002472901421099822,0.3946076519159461,reconstruction_ablation,0.0002472901421099822,dense_student,dense_student,-7.4951397950094165,,,,laplace,unified_blind_protocol_v1,4,laplace_seed_4,,0.01312436770038977,,,208.38725399971008,130.182288646698,without_pde_residual_loss,,208.38725399971008,130.182288646698,,,,,,,,,,,,,,,guard_validation,guard_validation,dense_student,0.0,0.0,{'lambda_pde_recon': '0'},{'lambda_pde_recon': '0'},generated_by_runtime_config_ablation,generated_by_runtime_config_ablation,full,full,unified_blind_protocol_v1,runtime_engine/Results/supplementary/ablations/without_pde_residual_loss_Laplace_s4_20260525_191323,runtime_engine/Results/supplementary/ablations/without_pde_residual_loss_Laplace_s4_20260525_191323,integrated_runtime_engine,integrated_runtime_engine,reconstruction_ablation/laplace/without_pde_residual_loss/seed_4,,,,,,,12939.0,12939.0,13009.0,13009.0,13425.0,13425.0,13495.0,13495.0,13741.0,13741.0,8867456.0,8867456.0,8867177.0,8867177.0,,,,,,,,,,,,,,,,,,,,,,,,,,,,,,,,,,,,,,,,,,,,,,,,,,,,,,,,,,,,,,,,,,,,,,,,,,,,
0.0003036806749072275,1.1116071428571428,0.9442857142857143,,0.00014458900614048,0.44660924141406616,reconstruction_ablation,0.00014458900614048,dense_student,dense_student,-8.040697467464847,,,,laplace,unified_blind_protocol_v1,0,laplace_seed_0,,0.004116407266591874,,,205.07920002937317,131.37648487091064,without_distillation_loss,,205.07920002937317,131.37648487091064,,,,,,,,,,,,,,,guard_validation,guard_validation,dense_student,0.0,0.0,"{'anchor_pretrain_steps': '0', 'lambda_anchor_recon': '0', 'lambda_distill_recon': '0'}","{'anchor_pretrain_steps': '0', 'lambda_anchor_recon': '0', 'lambda_distill_recon': '0'}",generated_by_runtime_config_ablation,generated_by_runtime_config_ablation,full,full,unified_blind_protocol_v1,runtime_engine/Results/supplementary/ablations/without_distillation_loss_Laplace_s0_20260525_201955,runtime_engine/Results/supplementary/ablations/without_distillation_loss_Laplace_s0_20260525_201955,integrated_runtime_engine,integrated_runtime_engine,reconstruction_ablation/laplace/without_distillation_loss/seed_0,,,,,,,12939.0,12939.0,13009.0,13009.0,13425.0,13425.0,13495.0,13495.0,13741.0,13741.0,8990872.0,8990872.0,8990665.0,8990665.0,,,,,,,,,,,,,,,,,,,,,,,,,,,,,,,,,,,,,,,,,,,,,,,,,,,,,,,,,,,,,,,,,,,,,,,,,,,,
0.0005083184315881227,1.1323900960080848,0.955,,0.00020787069091910047,-0.12059762687019775,reconstruction_ablation,0.00020787069091910047,dense_student,dense_student,-7.529340006402049,,,,laplace,unified_blind_protocol_v1,1,laplace_seed_1,,0.003568078999726623,,,208.90061330795288,131.03367018699646,without_distillation_loss,,208.90061330795288,131.03367018699646,,,,,,,,,,,,,,,guard_validation,guard_validation,dense_student,0.0,0.0,"{'anchor_pretrain_steps': '0', 'lambda_anchor_recon': '0', 'lambda_distill_recon': '0'}","{'anchor_pretrain_steps': '0', 'lambda_anchor_recon': '0', 'lambda_distill_recon': '0'}",generated_by_runtime_config_ablation,generated_by_runtime_config_ablation,full,full,unified_blind_protocol_v1,runtime_engine/Results/supplementary/ablations/without_distillation_loss_Laplace_s1_20260525_203012,runtime_engine/Results/supplementary/ablations/without_distillation_loss_Laplace_s1_20260525_203012,integrated_runtime_engine,integrated_runtime_engine,reconstruction_ablation/laplace/without_distillation_loss/seed_1,,,,,,,12939.0,12939.0,13009.0,13009.0,13425.0,13425.0,13495.0,13495.0,13741.0,13741.0,8846616.0,8846616.0,8846409.0,8846409.0,,,,,,,,,,,,,,,,,,,,,,,,,,,,,,,,,,,,,,,,,,,,,,,,,,,,,,,,,,,,,,,,,,,,,,,,,,,,
0.0006718792979774298,1.1480532786885247,0.9494285714285714,,0.0003075284545049597,-0.17001182967286743,reconstruction_ablation,0.0003075284545049597,dense_student,dense_student,-7.115587311638147,,,,laplace,unified_blind_protocol_v1,2,laplace_seed_2,,0.005513106867249986,,,208.50134086608887,126.85035300254822,without_distillation_loss,,208.50134086608887,126.85035300254822,,,,,,,,,,,,,,,guard_validation,guard_validation,dense_student,0.0,0.0,"{'anchor_pretrain_steps': '0', 'lambda_anchor_recon': '0', 'lambda_distill_recon': '0'}","{'anchor_pretrain_steps': '0', 'lambda_anchor_recon': '0', 'lambda_distill_recon': '0'}",generated_by_runtime_config_ablation,generated_by_runtime_config_ablation,full,full,unified_blind_protocol_v1,runtime_engine/Results/supplementary/ablations/without_distillation_loss_Laplace_s2_20260525_204020,runtime_engine/Results/supplementary/ablations/without_distillation_loss_Laplace_s2_20260525_204020,integrated_runtime_engine,integrated_runtime_engine,reconstruction_ablation/laplace/without_distillation_loss/seed_2,,,,,,,12939.0,12939.0,13009.0,13009.0,13425.0,13425.0,13495.0,13495.0,13741.0,13741.0,8728152.0,8728152.0,8727881.0,8727881.0,,,,,,,,,,,,,,,,,,,,,,,,,,,,,,,,,,,,,,,,,,,,,,,,,,,,,,,,,,,,,,,,,,,,,,,,,,,,
0.0003241908685234375,1.0996074582924436,0.9554285714285714,,0.00013404307449738063,0.445736204337067,reconstruction_ablation,0.00013404307449738063,dense_student,dense_student,-8.10054278051517,,,,laplace,unified_blind_protocol_v1,3,laplace_seed_3,,0.004974524788057432,,,206.09659600257874,131.3002154827118,without_distillation_loss,,206.09659600257874,131.3002154827118,,,,,,,,,,,,,,,guard_validation,guard_validation,dense_student,0.0,0.0,"{'anchor_pretrain_steps': '0', 'lambda_anchor_recon': '0', 'lambda_distill_recon': '0'}","{'anchor_pretrain_steps': '0', 'lambda_anchor_recon': '0', 'lambda_distill_recon': '0'}",generated_by_runtime_config_ablation,generated_by_runtime_config_ablation,full,full,unified_blind_protocol_v1,runtime_engine/Results/supplementary/ablations/without_distillation_loss_Laplace_s3_20260525_205034,runtime_engine/Results/supplementary/ablations/without_distillation_loss_Laplace_s3_20260525_205034,integrated_runtime_engine,integrated_runtime_engine,reconstruction_ablation/laplace/without_distillation_loss/seed_3,,,,,,,12939.0,12939.0,13009.0,13009.0,13425.0,13425.0,13495.0,13495.0,13741.0,13741.0,9081240.0,9081240.0,9081033.0,9081033.0,,,,,,,,,,,,,,,,,,,,,,,,,,,,,,,,,,,,,,,,,,,,,,,,,,,,,,,,,,,,,,,,,,,,,,,,,,,,
0.000575893114808714,1.1301059001512859,0.9512857142857143,,0.0002472901421099822,0.38955292471544434,reconstruction_ablation,0.0002472901421099822,dense_student,dense_student,-7.497372461925693,,,,laplace,unified_blind_protocol_v1,4,laplace_seed_4,,0.003607184190396663,,,206.20194149017334,131.31872868537903,without_distillation_loss,,206.20194149017334,131.31872868537903,,,,,,,,,,,,,,,guard_validation,guard_validation,dense_student,0.0,0.0,"{'anchor_pretrain_steps': '0', 'lambda_anchor_recon': '0', 'lambda_distill_recon': '0'}","{'anchor_pretrain_steps': '0', 'lambda_anchor_recon': '0', 'lambda_distill_recon': '0'}",generated_by_runtime_config_ablation,generated_by_runtime_config_ablation,full,full,unified_blind_protocol_v1,runtime_engine/Results/supplementary/ablations/without_distillation_loss_Laplace_s4_20260525_210048,runtime_engine/Results/supplementary/ablations/without_distillation_loss_Laplace_s4_20260525_210048,integrated_runtime_engine,integrated_runtime_engine,reconstruction_ablation/laplace/without_distillation_loss/seed_4,,,,,,,12939.0,12939.0,13009.0,13009.0,13425.0,13425.0,13495.0,13495.0,13741.0,13741.0,8855384.0,8855384.0,8855177.0,8855177.0,,,,,,,,,,,,,,,,,,,,,,,,,,,,,,,,,,,,,,,,,,,,,,,,,,,,,,,,,,,,,,,,,,,,,,,,,,,,
0.0003027919431752525,1.1116071428571428,0.9458571428571428,,0.00014458900614048,0.45123520638599685,reconstruction_ablation,0.00014458900614048,dense_student,dense_student,-8.0423975715962,,,,laplace,unified_blind_protocol_v1,0,laplace_seed_0,,0.01074104666516028,,,207.71610283851624,134.33995056152344,without_boundary_or_initial_loss,,207.71610283851624,134.33995056152344,,,,,,,,,,,,,,,guard_validation,guard_validation,dense_student,0.0,0.0,{'lambda_bc_recon': '0'},{'lambda_bc_recon': '0'},generated_by_runtime_config_ablation,generated_by_runtime_config_ablation,full,full,unified_blind_protocol_v1,runtime_engine/Results/supplementary/ablations/without_boundary_or_initial_loss_Laplace_s0_20260525_192449,runtime_engine/Results/supplementary/ablations/without_boundary_or_initial_loss_Laplace_s0_20260525_192449,integrated_runtime_engine,integrated_runtime_engine,reconstruction_ablation/laplace/without_boundary_or_initial_loss/seed_0,,,,,,,12939.0,12939.0,13009.0,13009.0,13425.0,13425.0,13495.0,13495.0,13741.0,13741.0,9002944.0,9002944.0,9002665.0,9002665.0,,,,,,,,,,,,,,,,,,,,,,,,,,,,,,,,,,,,,,,,,,,,,,,,,,,,,,,,,,,,,,,,,,,,,,,,,,,,
0.0005058951314474689,1.1323900960080848,0.9508571428571428,,0.00020787069091910047,-0.11842971974478962,reconstruction_ablation,0.00020787069091910047,dense_student,dense_student,-7.529141336245882,,,,laplace,unified_blind_protocol_v1,1,laplace_seed_1,,0.011453413167249545,,,202.21538925170898,120.88652157783508,without_boundary_or_initial_loss,,202.21538925170898,120.88652157783508,,,,,,,,,,,,,,,guard_validation,guard_validation,dense_student,0.0,0.0,{'lambda_bc_recon': '0'},{'lambda_bc_recon': '0'},generated_by_runtime_config_ablation,generated_by_runtime_config_ablation,full,full,unified_blind_protocol_v1,runtime_engine/Results/supplementary/ablations/without_boundary_or_initial_loss_Laplace_s1_20260525_193538,runtime_engine/Results/supplementary/ablations/without_boundary_or_initial_loss_Laplace_s1_20260525_193538,integrated_runtime_engine,integrated_runtime_engine,reconstruction_ablation/laplace/without_boundary_or_initial_loss/seed_1,,,,,,,12939.0,12939.0,13009.0,13009.0,13425.0,13425.0,13495.0,13495.0,13741.0,13741.0,8858688.0,8858688.0,8858409.0,8858409.0,,,,,,,,,,,,,,,,,,,,,,,,,,,,,,,,,,,,,,,,,,,,,,,,,,,,,,,,,,,,,,,,,,,,,,,,,,,,
0.0006770221596851479,1.1480532786885247,0.951,,0.0003075284545049597,-0.16569862572347524,reconstruction_ablation,0.0003075284545049597,dense_student,dense_student,-7.1194436046477305,,,,laplace,unified_blind_protocol_v1,2,laplace_seed_2,,0.009241947103650654,,,209.20953130722046,130.28112173080444,without_boundary_or_initial_loss,,209.20953130722046,130.28112173080444,,,,,,,,,,,,,,,guard_validation,guard_validation,dense_student,0.0,0.0,{'lambda_bc_recon': '0'},{'lambda_bc_recon': '0'},generated_by_runtime_config_ablation,generated_by_runtime_config_ablation,full,full,unified_blind_protocol_v1,runtime_engine/Results/supplementary/ablations/without_boundary_or_initial_loss_Laplace_s2_20260525_194659,runtime_engine/Results/supplementary/ablations/without_boundary_or_initial_loss_Laplace_s2_20260525_194659,integrated_runtime_engine,integrated_runtime_engine,reconstruction_ablation/laplace/without_boundary_or_initial_loss/seed_2,,,,,,,12939.0,12939.0,13009.0,13009.0,13425.0,13425.0,13495.0,13495.0,13741.0,13741.0,8740224.0,8740224.0,8739881.0,8739881.0,,,,,,,,,,,,,,,,,,,,,,,,,,,,,,,,,,,,,,,,,,,,,,,,,,,,,,,,,,,,,,,,,,,,,,,,,,,,
0.0003266816207335796,1.0996074582924436,0.9572857142857143,,0.00013404307449738063,0.4504635050900428,reconstruction_ablation,0.00013404307449738063,dense_student,dense_student,-8.100507691581205,,,,laplace,unified_blind_protocol_v1,3,laplace_seed_3,,0.011688582413362732,,,206.2104070186615,130.79804134368896,without_boundary_or_initial_loss,,206.2104070186615,130.79804134368896,,,,,,,,,,,,,,,guard_validation,guard_validation,dense_student,0.0,0.0,{'lambda_bc_recon': '0'},{'lambda_bc_recon': '0'},generated_by_runtime_config_ablation,generated_by_runtime_config_ablation,full,full,unified_blind_protocol_v1,runtime_engine/Results/supplementary/ablations/without_boundary_or_initial_loss_Laplace_s3_20260525_195818,runtime_engine/Results/supplementary/ablations/without_boundary_or_initial_loss_Laplace_s3_20260525_195818,integrated_runtime_engine,integrated_runtime_engine,reconstruction_ablation/laplace/without_boundary_or_initial_loss/seed_3,,,,,,,12939.0,12939.0,13009.0,13009.0,13425.0,13425.0,13495.0,13495.0,13741.0,13741.0,9093312.0,9093312.0,9093033.0,9093033.0,,,,,,,,,,,,,,,,,,,,,,,,,,,,,,,,,,,,,,,,,,,,,,,,,,,,,,,,,,,,,,,,,,,,,,,,,,,,
0.000571565629687393,1.1301059001512859,0.9501428571428572,,0.0002472901421099822,0.39567963907246734,reconstruction_ablation,0.0002472901421099822,dense_student,dense_student,-7.498154202475083,,,,laplace,unified_blind_protocol_v1,4,laplace_seed_4,,0.009545251213193964,,,205.3343484401703,128.453946352005,without_boundary_or_initial_loss,,205.3343484401703,128.453946352005,,,,,,,,,,,,,,,guard_validation,guard_validation,dense_student,0.0,0.0,{'lambda_bc_recon': '0'},{'lambda_bc_recon': '0'},generated_by_runtime_config_ablation,generated_by_runtime_config_ablation,full,full,unified_blind_protocol_v1,runtime_engine/Results/supplementary/ablations/without_boundary_or_initial_loss_Laplace_s4_20260525_200941,runtime_engine/Results/supplementary/ablations/without_boundary_or_initial_loss_Laplace_s4_20260525_200941,integrated_runtime_engine,integrated_runtime_engine,reconstruction_ablation/laplace/without_boundary_or_initial_loss/seed_4,,,,,,,12939.0,12939.0,13009.0,13009.0,13425.0,13425.0,13495.0,13495.0,13741.0,13741.0,8867456.0,8867456.0,8867177.0,8867177.0,,,,,,,,,,,,,,,,,,,,,,,,,,,,,,,,,,,,,,,,,,,,,,,,,,,,,,,,,,,,,,,,,,,,,,,,,,,,
0.0003017847393019474,1.1116071428571428,0.9451428571428572,,0.00014458900614048,0.45605391877665,reconstruction_ablation,0.00014458900614048,dense_student,dense_student,-8.044908277332164,,,,laplace,unified_blind_protocol_v1,0,laplace_seed_0,,0.002660656210270538,,,,,full_structured_reconstruction,,,,,,,,,,,,,,,,,,guard_validation,guard_validation,dense_student,0.0,0.0,,,derived_from_blind_safe_main_contract,derived_from_blind_safe_main_contract,,,unified_blind_protocol_v1,,,integrated_runtime_engine,integrated_runtime_engine,reconstruction_ablation/laplace/full_structured_reconstruction/seed_0,results/unified_blind_protocol/main_blind/laplace/full_gbsd/seed_0,results/unified_blind_protocol/main_blind/laplace/full_gbsd/seed_0,1.0,1.0,final,final,,,,,,,,,,,,,,,,,,,,,,,,,,,,,,,,,,,,,,,,,,,,,,,,,,,,,,,,,,,,,,,,,,,,,,,,,,,,,,,,,,,,,,,,,,
0.0005109140513441526,1.1323900960080848,0.9525714285714286,,0.00020787069091910047,-0.11020131314465745,reconstruction_ablation,0.00020787069091910047,dense_student,dense_student,-7.528980501655263,,,,laplace,unified_blind_protocol_v1,1,laplace_seed_1,,0.0026790626926835735,,,,,full_structured_reconstruction,,,,,,,,,,,,,,,,,,guard_validation,guard_validation,dense_student,0.0,0.0,,,derived_from_blind_safe_main_contract,derived_from_blind_safe_main_contract,,,unified_blind_protocol_v1,,,integrated_runtime_engine,integrated_runtime_engine,reconstruction_ablation/laplace/full_structured_reconstruction/seed_1,results/unified_blind_protocol/main_blind/laplace/full_gbsd/seed_1,results/unified_blind_protocol/main_blind/laplace/full_gbsd/seed_1,1.0,1.0,final,final,,,,,,,,,,,,,,,,,,,,,,,,,,,,,,,,,,,,,,,,,,,,,,,,,,,,,,,,,,,,,,,,,,,,,,,,,,,,,,,,,,,,,,,,,,
0.0006806821684184252,1.1480532786885247,0.9525714285714286,,0.0003075284545049597,-0.17333118750515056,reconstruction_ablation,0.0003075284545049597,dense_student,dense_student,-7.118843324916686,,,,laplace,unified_blind_protocol_v1,2,laplace_seed_2,,0.0031008903797536927,,,,,full_structured_reconstruction,,,,,,,,,,,,,,,,,,guard_validation,guard_validation,dense_student,0.0,0.0,,,derived_from_blind_safe_main_contract,derived_from_blind_safe_main_contract,,,unified_blind_protocol_v1,,,integrated_runtime_engine,integrated_runtime_engine,reconstruction_ablation/laplace/full_structured_reconstruction/seed_2,results/unified_blind_protocol/main_blind/laplace/full_gbsd/seed_2,results/unified_blind_protocol/main_blind/laplace/full_gbsd/seed_2,1.0,1.0,final,final,,,,,,,,,,,,,,,,,,,,,,,,,,,,,,,,,,,,,,,,,,,,,,,,,,,,,,,,,,,,,,,,,,,,,,,,,,,,,,,,,,,,,,,,,,
0.00031735332170792385,1.0996074582924436,0.9555714285714285,,0.00013404307449738063,0.4561568054862934,reconstruction_ablation,0.00013404307449738063,dense_student,dense_student,-8.107819814723632,,,,laplace,unified_blind_protocol_v1,3,laplace_seed_3,,0.0033163064766182897,,,,,full_structured_reconstruction,,,,,,,,,,,,,,,,,,guard_validation,guard_validation,dense_student,0.0,0.0,,,derived_from_blind_safe_main_contract,derived_from_blind_safe_main_contract,,,unified_blind_protocol_v1,,,integrated_runtime_engine,integrated_runtime_engine,reconstruction_ablation/laplace/full_structured_reconstruction/seed_3,results/unified_blind_protocol/main_blind/laplace/full_gbsd/seed_3,results/unified_blind_protocol/main_blind/laplace/full_gbsd/seed_3,1.0,1.0,final,final,,,,,,,,,,,,,,,,,,,,,,,,,,,,,,,,,,,,,,,,,,,,,,,,,,,,,,,,,,,,,,,,,,,,,,,,,,,,,,,,,,,,,,,,,,
0.0005733096350356936,1.1301059001512859,0.9488571428571428,,0.0002472901421099822,0.3855660201271135,reconstruction_ablation,0.0002472901421099822,dense_student,dense_student,-7.496745540260967,,,,laplace,unified_blind_protocol_v1,4,laplace_seed_4,,0.0027180979356125675,,,,,full_structured_reconstruction,,,,,,,,,,,,,,,,,,guard_validation,guard_validation,dense_student,0.0,0.0,,,derived_from_blind_safe_main_contract,derived_from_blind_safe_main_contract,,,unified_blind_protocol_v1,,,integrated_runtime_engine,integrated_runtime_engine,reconstruction_ablation/laplace/full_structured_reconstruction/seed_4,results/unified_blind_protocol/main_blind/laplace/full_gbsd/seed_4,results/unified_blind_protocol/main_blind/laplace/full_gbsd/seed_4,1.0,1.0,final,final,,,,,,,,,,,,,,,,,,,,,,,,,,,,,,,,,,,,,,,,,,,,,,,,,,,,,,,,,,,,,,,,,,,,,,,,,,,,,,,,,,,,,,,,,,
0.01873501581929624,1.9371044303797469,0.9742857142857143,,0.011105653876496632,0.3743530729478992,reconstruction_ablation,0.009559463576865598,structured,structured,-3.9466701162845057,0.0031876428984105,0.001427551191409713,0.003183098861837907,burgers_inverse,unified_blind_protocol_v1,0,burgers_inverse_seed_0,,0.009559463576865598,,,324.915326833725,236.23310089111328,without_pde_residual_loss,,324.915326833725,236.23310089111328,,,,,,,,,,,,,,,guard_validation,guard_validation,structured,0.0,0.0,{'lambda_pde_recon': '0'},{'lambda_pde_recon': '0'},generated_by_runtime_config_ablation,generated_by_runtime_config_ablation,full,full,unified_blind_protocol_v1,runtime_engine/Results/supplementary/ablations/without_pde_residual_loss_Burgers_inv_s0_20260526_111326,runtime_engine/Results/supplementary/ablations/without_pde_residual_loss_Burgers_inv_s0_20260526_111326,integrated_runtime_engine,integrated_runtime_engine,reconstruction_ablation/burgers_inverse/without_pde_residual_loss/seed_0,,,,,,,,,,,,,,,,,,,,,23619.0,23619.0,23753.0,23753.0,24105.0,24105.0,24175.0,24175.0,24485.0,24485.0,20539004.0,20539004.0,20538725.0,20538725.0,,,,,,,,,,,,,,,,,,,,,,,,,,,,,,,,,,,,,,,,,,,,,,,,,,,,,,,,,,,,,,
0.015297710924446583,1.827920865994774,0.9627142857142857,,0.01111194356736066,0.5080204054720043,reconstruction_ablation,0.011766283180946479,structured,structured,-3.571261910445282,0.0031896329019218,0.0020527292325812035,0.003183098861837907,burgers_inverse,unified_blind_protocol_v1,1,burgers_inverse_seed_1,,0.011766283180946479,,,342.4618022441864,247.78992533683777,without_pde_residual_loss,,342.4618022441864,247.78992533683777,,,,,,,,,,,,,,,guard_validation,guard_validation,structured,0.0,0.0,{'lambda_pde_recon': '0'},{'lambda_pde_recon': '0'},generated_by_runtime_config_ablation,generated_by_runtime_config_ablation,full,full,unified_blind_protocol_v1,runtime_engine/Results/supplementary/ablations/without_pde_residual_loss_Burgers_inv_s1_20260526_112933,runtime_engine/Results/supplementary/ablations/without_pde_residual_loss_Burgers_inv_s1_20260526_112933,integrated_runtime_engine,integrated_runtime_engine,reconstruction_ablation/burgers_inverse/without_pde_residual_loss/seed_1,,,,,,,,,,,,,,,,,,,,,23619.0,23619.0,23753.0,23753.0,24105.0,24105.0,24175.0,24175.0,24485.0,24485.0,21923132.0,21923132.0,21922853.0,21922853.0,,,,,,,,,,,,,,,,,,,,,,,,,,,,,,,,,,,,,,,,,,,,,,,,,,,,,,,,,,,,,,
0.011721544932629913,1.803683241252302,0.9685714285714285,,0.010656629902996997,0.47113809156309755,reconstruction_ablation,0.010656629902996997,dense_student,dense_student,-3.834348778475657,0.0031825646292418,0.00016783411992382324,0.003183098861837907,burgers_inverse,unified_blind_protocol_v1,2,burgers_inverse_seed_2,,0.011528787763615097,,,341.4085695743561,245.45919704437256,without_pde_residual_loss,,341.4085695743561,245.45919704437256,,,,,,,,,,,,,,,guard_validation,guard_validation,dense_student,0.0,0.0,{'lambda_pde_recon': '0'},{'lambda_pde_recon': '0'},generated_by_runtime_config_ablation,generated_by_runtime_config_ablation,full,full,unified_blind_protocol_v1,runtime_engine/Results/supplementary/ablations/without_pde_residual_loss_Burgers_inv_s2_20260526_114542,runtime_engine/Results/supplementary/ablations/without_pde_residual_loss_Burgers_inv_s2_20260526_114542,integrated_runtime_engine,integrated_runtime_engine,reconstruction_ablation/burgers_inverse/without_pde_residual_loss/seed_2,,,,,,,,,,,,,,,,,,,,,23619.0,23619.0,23753.0,23753.0,24105.0,24105.0,24175.0,24175.0,24485.0,24485.0,22273468.0,22273468.0,22273189.0,22273189.0,,,,,,,,,,,,,,,,,,,,,,,,,,,,,,,,,,,,,,,,,,,,,,,,,,,,,,,,,,,,,,
0.010191252377983184,1.69153713298791,0.9732857142857143,,0.010337901234513074,0.5239406325761683,reconstruction_ablation,0.010337901234513074,dense_student,dense_student,-3.8347104789571107,0.0031823175959289,0.0002454419240236081,0.003183098861837907,burgers_inverse,unified_blind_protocol_v1,3,burgers_inverse_seed_3,,0.01105687717956896,,,340.74427127838135,247.57091784477234,without_pde_residual_loss,,340.74427127838135,247.57091784477234,,,,,,,,,,,,,,,guard_validation,guard_validation,dense_student,0.0,0.0,{'lambda_pde_recon': '0'},{'lambda_pde_recon': '0'},generated_by_runtime_config_ablation,generated_by_runtime_config_ablation,full,full,unified_blind_protocol_v1,runtime_engine/Results/supplementary/ablations/without_pde_residual_loss_Burgers_inv_s3_20260526_120150,runtime_engine/Results/supplementary/ablations/without_pde_residual_loss_Burgers_inv_s3_20260526_120150,integrated_runtime_engine,integrated_runtime_engine,reconstruction_ablation/burgers_inverse/without_pde_residual_loss/seed_3,,,,,,,,,,,,,,,,,,,,,23619.0,23619.0,23753.0,23753.0,24105.0,24105.0,24175.0,24175.0,24485.0,24485.0,23907196.0,23907196.0,23906917.0,23906917.0,,,,,,,,,,,,,,,,,,,,,,,,,,,,,,,,,,,,,,,,,,,,,,,,,,,,,,,,,,,,,,
0.00777277563655749,1.8472274613353452,0.9594285714285714,,0.010784270711681844,0.4829429123178153,reconstruction_ablation,0.010784270711681844,dense_student,dense_student,-3.055230427928554,0.0031870163511484,0.0012307155638356588,0.003183098861837907,burgers_inverse,unified_blind_protocol_v1,4,burgers_inverse_seed_4,,0.01169725772827689,,,338.8958389759064,248.02116703987122,without_pde_residual_loss,,338.8958389759064,248.02116703987122,,,,,,,,,,,,,,,guard_validation,guard_validation,dense_student,0.0,0.0,{'lambda_pde_recon': '0'},{'lambda_pde_recon': '0'},generated_by_runtime_config_ablation,generated_by_runtime_config_ablation,full,full,unified_blind_protocol_v1,runtime_engine/Results/supplementary/ablations/without_pde_residual_loss_Burgers_inv_s4_20260526_121751,runtime_engine/Results/supplementary/ablations/without_pde_residual_loss_Burgers_inv_s4_20260526_121751,integrated_runtime_engine,integrated_runtime_engine,reconstruction_ablation/burgers_inverse/without_pde_residual_loss/seed_4,,,,,,,,,,,,,,,,,,,,,23619.0,23619.0,23753.0,23753.0,24105.0,24105.0,24175.0,24175.0,24485.0,24485.0,21665148.0,21665148.0,21664869.0,21664869.0,,,,,,,,,,,,,,,,,,,,,,,,,,,,,,,,,,,,,,,,,,,,,,,,,,,,,,,,,,,,,,
0.01719255943601951,1.9371044303797469,0.9592857142857143,,0.011105653876496632,0.3468867739907101,reconstruction_ablation,0.011105653876496632,dense_student,dense_student,-3.77934697362792,0.0031876428984105,0.001427551191409713,0.003183098861837907,burgers_inverse,unified_blind_protocol_v1,0,burgers_inverse_seed_0,,0.014691569815667197,,,340.9484601020813,240.58887100219727,without_distillation_loss,,340.9484601020813,240.58887100219727,,,,,,,,,,,,,,,guard_validation,guard_validation,dense_student,0.0,0.0,"{'anchor_pretrain_steps': '0', 'lambda_anchor_recon': '0', 'lambda_distill_recon': '0'}","{'anchor_pretrain_steps': '0', 'lambda_anchor_recon': '0', 'lambda_distill_recon': '0'}",generated_by_runtime_config_ablation,generated_by_runtime_config_ablation,full,full,unified_blind_protocol_v1,runtime_engine/Results/supplementary/ablations/without_distillation_loss_Burgers_inv_s0_20260526_135013,runtime_engine/Results/supplementary/ablations/without_distillation_loss_Burgers_inv_s0_20260526_135013,integrated_runtime_engine,integrated_runtime_engine,reconstruction_ablation/burgers_inverse/without_distillation_loss/seed_0,,,,,,,,,,,,,,,,,,,,,23619.0,23619.0,23753.0,23753.0,24105.0,24105.0,24175.0,24175.0,24485.0,24485.0,20516276.0,20516276.0,20516069.0,20516069.0,,,,,,,,,,,,,,,,,,,,,,,,,,,,,,,,,,,,,,,,,,,,,,,,,,,,,,,,,,,,,,
0.013035017728749662,1.827920865994774,0.9534285714285714,,0.01111194356736066,0.475838079390783,reconstruction_ablation,0.01111194356736066,dense_student,dense_student,-3.6781331489446996,0.0031896329019218,0.0020527292325812035,0.003183098861837907,burgers_inverse,unified_blind_protocol_v1,1,burgers_inverse_seed_1,,0.014612292477846936,,,337.93883204460144,248.27767419815063,without_distillation_loss,,337.93883204460144,248.27767419815063,,,,,,,,,,,,,,,guard_validation,guard_validation,dense_student,0.0,0.0,"{'anchor_pretrain_steps': '0', 'lambda_anchor_recon': '0', 'lambda_distill_recon': '0'}","{'anchor_pretrain_steps': '0', 'lambda_anchor_recon': '0', 'lambda_distill_recon': '0'}",generated_by_runtime_config_ablation,generated_by_runtime_config_ablation,full,full,unified_blind_protocol_v1,runtime_engine/Results/supplementary/ablations/without_distillation_loss_Burgers_inv_s1_20260526_140452,runtime_engine/Results/supplementary/ablations/without_distillation_loss_Burgers_inv_s1_20260526_140452,integrated_runtime_engine,integrated_runtime_engine,reconstruction_ablation/burgers_inverse/without_distillation_loss/seed_1,,,,,,,,,,,,,,,,,,,,,23619.0,23619.0,23753.0,23753.0,24105.0,24105.0,24175.0,24175.0,24485.0,24485.0,21900404.0,21900404.0,21900197.0,21900197.0,,,,,,,,,,,,,,,,,,,,,,,,,,,,,,,,,,,,,,,,,,,,,,,,,,,,,,,,,,,,,,
0.01218880086103454,1.803683241252302,0.9711428571428572,,0.010656629902996997,0.47560379217629306,reconstruction_ablation,0.010656629902996997,dense_student,dense_student,-3.89089869250156,0.0031825646292418,0.00016783411992382324,0.003183098861837907,burgers_inverse,unified_blind_protocol_v1,2,burgers_inverse_seed_2,,0.013874540647347866,,,340.44706654548645,244.28177213668823,without_distillation_loss,,340.44706654548645,244.28177213668823,,,,,,,,,,,,,,,guard_validation,guard_validation,dense_student,0.0,0.0,"{'anchor_pretrain_steps': '0', 'lambda_anchor_recon': '0', 'lambda_distill_recon': '0'}","{'anchor_pretrain_steps': '0', 'lambda_anchor_recon': '0', 'lambda_distill_recon': '0'}",generated_by_runtime_config_ablation,generated_by_runtime_config_ablation,full,full,unified_blind_protocol_v1,runtime_engine/Results/supplementary/ablations/without_distillation_loss_Burgers_inv_s2_20260526_141932,runtime_engine/Results/supplementary/ablations/without_distillation_loss_Burgers_inv_s2_20260526_141932,integrated_runtime_engine,integrated_runtime_engine,reconstruction_ablation/burgers_inverse/without_distillation_loss/seed_2,,,,,,,,,,,,,,,,,,,,,23619.0,23619.0,23753.0,23753.0,24105.0,24105.0,24175.0,24175.0,24485.0,24485.0,22250740.0,22250740.0,22250533.0,22250533.0,,,,,,,,,,,,,,,,,,,,,,,,,,,,,,,,,,,,,,,,,,,,,,,,,,,,,,,,,,,,,,
0.010925058943573386,1.69153713298791,0.978,,0.010337901234513074,0.5050734372923685,reconstruction_ablation,0.010337901234513074,dense_student,dense_student,-3.8656433201126696,0.0031823175959289,0.0002454419240236081,0.003183098861837907,burgers_inverse,unified_blind_protocol_v1,3,burgers_inverse_seed_3,,0.013544107840087161,,,340.170458316803,243.38940000534058,without_distillation_loss,,340.170458316803,243.38940000534058,,,,,,,,,,,,,,,guard_validation,guard_validation,dense_student,0.0,0.0,"{'anchor_pretrain_steps': '0', 'lambda_anchor_recon': '0', 'lambda_distill_recon': '0'}","{'anchor_pretrain_steps': '0', 'lambda_anchor_recon': '0', 'lambda_distill_recon': '0'}",generated_by_runtime_config_ablation,generated_by_runtime_config_ablation,full,full,unified_blind_protocol_v1,runtime_engine/Results/supplementary/ablations/without_distillation_loss_Burgers_inv_s3_20260526_143409,runtime_engine/Results/supplementary/ablations/without_distillation_loss_Burgers_inv_s3_20260526_143409,integrated_runtime_engine,integrated_runtime_engine,reconstruction_ablation/burgers_inverse/without_distillation_loss/seed_3,,,,,,,,,,,,,,,,,,,,,23619.0,23619.0,23753.0,23753.0,24105.0,24105.0,24175.0,24175.0,24485.0,24485.0,23884468.0,23884468.0,23884261.0,23884261.0,,,,,,,,,,,,,,,,,,,,,,,,,,,,,,,,,,,,,,,,,,,,,,,,,,,,,,,,,,,,,,
0.0074274179192911835,1.8472274613353452,0.9544285714285714,,0.010784270711681844,0.4688351857430015,reconstruction_ablation,0.010784270711681844,dense_student,dense_student,-2.7673832032566685,0.0031870163511484,0.0012307155638356588,0.003183098861837907,burgers_inverse,unified_blind_protocol_v1,4,burgers_inverse_seed_4,,0.015411081653893047,,,328.28612065315247,233.9462594985962,without_distillation_loss,,328.28612065315247,233.9462594985962,,,,,,,,,,,,,,,guard_validation,guard_validation,dense_student,0.0,0.0,"{'anchor_pretrain_steps': '0', 'lambda_anchor_recon': '0', 'lambda_distill_recon': '0'}","{'anchor_pretrain_steps': '0', 'lambda_anchor_recon': '0', 'lambda_distill_recon': '0'}",generated_by_runtime_config_ablation,generated_by_runtime_config_ablation,full,full,unified_blind_protocol_v1,runtime_engine/Results/supplementary/ablations/without_distillation_loss_Burgers_inv_s4_20260526_144816,runtime_engine/Results/supplementary/ablations/without_distillation_loss_Burgers_inv_s4_20260526_144816,integrated_runtime_engine,integrated_runtime_engine,reconstruction_ablation/burgers_inverse/without_distillation_loss/seed_4,,,,,,,,,,,,,,,,,,,,,23619.0,23619.0,23753.0,23753.0,24105.0,24105.0,24175.0,24175.0,24485.0,24485.0,21642420.0,21642420.0,21642213.0,21642213.0,,,,,,,,,,,,,,,,,,,,,,,,,,,,,,,,,,,,,,,,,,,,,,,,,,,,,,,,,,,,,,
0.01778852019028738,1.9371044303797469,0.9625714285714285,,0.011105653876496632,0.3341556537893746,reconstruction_ablation,0.011105653876496632,dense_student,dense_student,-3.7824604965981967,0.0031876428984105,0.001427551191409713,0.003183098861837907,burgers_inverse,unified_blind_protocol_v1,0,burgers_inverse_seed_0,,0.011841039462461804,,,327.96958661079407,235.5206744670868,without_boundary_or_initial_loss,,327.96958661079407,235.5206744670868,,,,,,,,,,,,,,,guard_validation,guard_validation,dense_student,0.0,0.0,{'lambda_bc_recon': '0'},{'lambda_bc_recon': '0'},generated_by_runtime_config_ablation,generated_by_runtime_config_ablation,full,full,unified_blind_protocol_v1,runtime_engine/Results/supplementary/ablations/without_boundary_or_initial_loss_Burgers_inv_s0_20260526_123318,runtime_engine/Results/supplementary/ablations/without_boundary_or_initial_loss_Burgers_inv_s0_20260526_123318,integrated_runtime_engine,integrated_runtime_engine,reconstruction_ablation/burgers_inverse/without_boundary_or_initial_loss/seed_0,,,,,,,,,,,,,,,,,,,,,23619.0,23619.0,23753.0,23753.0,24105.0,24105.0,24175.0,24175.0,24485.0,24485.0,20539004.0,20539004.0,20538725.0,20538725.0,,,,,,,,,,,,,,,,,,,,,,,,,,,,,,,,,,,,,,,,,,,,,,,,,,,,,,,,,,,,,,
0.02133372298868373,1.827920865994774,0.9462857142857143,,0.01111194356736066,0.34254637198990945,reconstruction_ablation,0.01123435915123344,structured,structured,-3.759705760897417,0.0031896329019218,0.0020527292325812035,0.003183098861837907,burgers_inverse,unified_blind_protocol_v1,1,burgers_inverse_seed_1,,0.01123435915123344,,,328.18636322021484,236.70609402656555,without_boundary_or_initial_loss,,328.18636322021484,236.70609402656555,,,,,,,,,,,,,,,guard_validation,guard_validation,structured,0.0,0.0,{'lambda_bc_recon': '0'},{'lambda_bc_recon': '0'},generated_by_runtime_config_ablation,generated_by_runtime_config_ablation,full,full,unified_blind_protocol_v1,runtime_engine/Results/supplementary/ablations/without_boundary_or_initial_loss_Burgers_inv_s1_20260526_124847,runtime_engine/Results/supplementary/ablations/without_boundary_or_initial_loss_Burgers_inv_s1_20260526_124847,integrated_runtime_engine,integrated_runtime_engine,reconstruction_ablation/burgers_inverse/without_boundary_or_initial_loss/seed_1,,,,,,,,,,,,,,,,,,,,,23619.0,23619.0,23753.0,23753.0,24105.0,24105.0,24175.0,24175.0,24485.0,24485.0,21923132.0,21923132.0,21922853.0,21922853.0,,,,,,,,,,,,,,,,,,,,,,,,,,,,,,,,,,,,,,,,,,,,,,,,,,,,,,,,,,,,,,
0.011721544932629913,1.803683241252302,0.9685714285714285,,0.010656629902996997,0.47113809156309755,reconstruction_ablation,0.010656629902996997,dense_student,dense_student,-3.834348778475657,0.0031825646292418,0.00016783411992382324,0.003183098861837907,burgers_inverse,unified_blind_protocol_v1,2,burgers_inverse_seed_2,,0.011742850244729201,,,325.78584146499634,231.4618010520935,without_boundary_or_initial_loss,,325.78584146499634,231.4618010520935,,,,,,,,,,,,,,,guard_validation,guard_validation,dense_student,0.0,0.0,{'lambda_bc_recon': '0'},{'lambda_bc_recon': '0'},generated_by_runtime_config_ablation,generated_by_runtime_config_ablation,full,full,unified_blind_protocol_v1,runtime_engine/Results/supplementary/ablations/without_boundary_or_initial_loss_Burgers_inv_s2_20260526_130407,runtime_engine/Results/supplementary/ablations/without_boundary_or_initial_loss_Burgers_inv_s2_20260526_130407,integrated_runtime_engine,integrated_runtime_engine,reconstruction_ablation/burgers_inverse/without_boundary_or_initial_loss/seed_2,,,,,,,,,,,,,,,,,,,,,23619.0,23619.0,23753.0,23753.0,24105.0,24105.0,24175.0,24175.0,24485.0,24485.0,22273468.0,22273468.0,22273189.0,22273189.0,,,,,,,,,,,,,,,,,,,,,,,,,,,,,,,,,,,,,,,,,,,,,,,,,,,,,,,,,,,,,,
0.010191252377983184,1.69153713298791,0.9732857142857143,,0.010337901234513074,0.5239406325761683,reconstruction_ablation,0.010337901234513074,dense_student,dense_student,-3.8347104789571107,0.0031823175959289,0.0002454419240236081,0.003183098861837907,burgers_inverse,unified_blind_protocol_v1,3,burgers_inverse_seed_3,,0.011311274354131784,,,329.1477291584015,236.21983671188354,without_boundary_or_initial_loss,,329.1477291584015,236.21983671188354,,,,,,,,,,,,,,,guard_validation,guard_validation,dense_student,0.0,0.0,{'lambda_bc_recon': '0'},{'lambda_bc_recon': '0'},generated_by_runtime_config_ablation,generated_by_runtime_config_ablation,full,full,unified_blind_protocol_v1,runtime_engine/Results/supplementary/ablations/without_boundary_or_initial_loss_Burgers_inv_s3_20260526_131935,runtime_engine/Results/supplementary/ablations/without_boundary_or_initial_loss_Burgers_inv_s3_20260526_131935,integrated_runtime_engine,integrated_runtime_engine,reconstruction_ablation/burgers_inverse/without_boundary_or_initial_loss/seed_3,,,,,,,,,,,,,,,,,,,,,23619.0,23619.0,23753.0,23753.0,24105.0,24105.0,24175.0,24175.0,24485.0,24485.0,23907196.0,23907196.0,23906917.0,23906917.0,,,,,,,,,,,,,,,,,,,,,,,,,,,,,,,,,,,,,,,,,,,,,,,,,,,,,,,,,,,,,,
0.00777277563655749,1.8472274613353452,0.9594285714285714,,0.010784270711681844,0.4829429123178153,reconstruction_ablation,0.010784270711681844,dense_student,dense_student,-3.055230427928554,0.0031870163511484,0.0012307155638356588,0.003183098861837907,burgers_inverse,unified_blind_protocol_v1,4,burgers_inverse_seed_4,,0.011732609925557441,,,341.16891169548035,246.2951374053955,without_boundary_or_initial_loss,,341.16891169548035,246.2951374053955,,,,,,,,,,,,,,,guard_validation,guard_validation,dense_student,0.0,0.0,{'lambda_bc_recon': '0'},{'lambda_bc_recon': '0'},generated_by_runtime_config_ablation,generated_by_runtime_config_ablation,full,full,unified_blind_protocol_v1,runtime_engine/Results/supplementary/ablations/without_boundary_or_initial_loss_Burgers_inv_s4_20260526_133537,runtime_engine/Results/supplementary/ablations/without_boundary_or_initial_loss_Burgers_inv_s4_20260526_133537,integrated_runtime_engine,integrated_runtime_engine,reconstruction_ablation/burgers_inverse/without_boundary_or_initial_loss/seed_4,,,,,,,,,,,,,,,,,,,,,23619.0,23619.0,23753.0,23753.0,24105.0,24105.0,24175.0,24175.0,24485.0,24485.0,21665148.0,21665148.0,21664869.0,21664869.0,,,,,,,,,,,,,,,,,,,,,,,,,,,,,,,,,,,,,,,,,,,,,,,,,,,,,,,,,,,,,,
0.01994080764317885,1.9061891786687426,0.9622857142857143,,0.010900448091771257,0.42992359385383566,reconstruction_ablation,0.010984552439673083,structured,structured,-3.7932873271003764,,,,burgers_inverse,unified_blind_protocol_v1,0,burgers_inverse_seed_0,,0.010984552439673083,,,,,full_structured_reconstruction,,,,,,,,,,,,,,,,,,guard_validation,guard_validation,structured,0.0,0.0,,,derived_from_blind_safe_main_contract,derived_from_blind_safe_main_contract,,,unified_blind_protocol_v1,,,integrated_runtime_engine,integrated_runtime_engine,reconstruction_ablation/burgers_inverse/full_structured_reconstruction/seed_0,results/unified_blind_protocol/main_blind/burgers_inverse/full_gbsd/seed_0,results/unified_blind_protocol/main_blind/burgers_inverse/full_gbsd/seed_0,1.0,1.0,final,final,,,,,,,,,,,,,,,,,,,,,,,,,,,,,,,,,,,,,,,,,,,,,,,,,,,,,,,,,,,,,,,,,,,,,,,,,,,,,,,,,,,,,,,,,,
0.020792968849502505,1.7104435906391897,0.9594285714285714,,0.0109242690590143,0.5518777437853002,reconstruction_ablation,0.011125288916042041,structured,structured,-3.8301323241825918,,,,burgers_inverse,unified_blind_protocol_v1,1,burgers_inverse_seed_1,,0.011125288916042041,,,,,full_structured_reconstruction,,,,,,,,,,,,,,,,,,guard_validation,guard_validation,structured,0.0,0.0,,,derived_from_blind_safe_main_contract,derived_from_blind_safe_main_contract,,,unified_blind_protocol_v1,,,integrated_runtime_engine,integrated_runtime_engine,reconstruction_ablation/burgers_inverse/full_structured_reconstruction/seed_1,results/unified_blind_protocol/main_blind/burgers_inverse/full_gbsd/seed_1,results/unified_blind_protocol/main_blind/burgers_inverse/full_gbsd/seed_1,1.0,1.0,final,final,,,,,,,,,,,,,,,,,,,,,,,,,,,,,,,,,,,,,,,,,,,,,,,,,,,,,,,,,,,,,,,,,,,,,,,,,,,,,,,,,,,,,,,,,,
0.013563645421247928,1.944025406907503,0.9504285714285714,,0.010868098316114046,0.5020265423717113,reconstruction_ablation,0.010868098316114046,dense_student,dense_student,-3.926914909458566,,,,burgers_inverse,unified_blind_protocol_v1,2,burgers_inverse_seed_2,,0.011087798571661657,,,,,full_structured_reconstruction,,,,,,,,,,,,,,,,,,guard_validation,guard_validation,dense_student,0.0,0.0,,,derived_from_blind_safe_main_contract,derived_from_blind_safe_main_contract,,,unified_blind_protocol_v1,,,integrated_runtime_engine,integrated_runtime_engine,reconstruction_ablation/burgers_inverse/full_structured_reconstruction/seed_2,results/unified_blind_protocol/main_blind/burgers_inverse/full_gbsd/seed_2,results/unified_blind_protocol/main_blind/burgers_inverse/full_gbsd/seed_2,1.0,1.0,final,final,,,,,,,,,,,,,,,,,,,,,,,,,,,,,,,,,,,,,,,,,,,,,,,,,,,,,,,,,,,,,,,,,,,,,,,,,,,,,,,,,,,,,,,,,,
0.018586585615891965,1.7249031349066573,0.9661428571428572,,0.010405717571409227,0.5497133710152997,reconstruction_ablation,0.010585379440608268,structured,structured,-3.895774714502957,,,,burgers_inverse,unified_blind_protocol_v1,3,burgers_inverse_seed_3,,0.010585379440608268,,,,,full_structured_reconstruction,,,,,,,,,,,,,,,,,,guard_validation,guard_validation,structured,0.0,0.0,,,derived_from_blind_safe_main_contract,derived_from_blind_safe_main_contract,,,unified_blind_protocol_v1,,,integrated_runtime_engine,integrated_runtime_engine,reconstruction_ablation/burgers_inverse/full_structured_reconstruction/seed_3,results/unified_blind_protocol/main_blind/burgers_inverse/full_gbsd/seed_3,results/unified_blind_protocol/main_blind/burgers_inverse/full_gbsd/seed_3,1.0,1.0,final,final,,,,,,,,,,,,,,,,,,,,,,,,,,,,,,,,,,,,,,,,,,,,,,,,,,,,,,,,,,,,,,,,,,,,,,,,,,,,,,,,,,,,,,,,,,
0.015827905467674135,1.6950501903772932,0.9554285714285714,,0.010842275025121664,0.4625514237611404,reconstruction_ablation,0.010713931916089565,structured,structured,-3.8391228183538177,,,,burgers_inverse,unified_blind_protocol_v1,4,burgers_inverse_seed_4,,0.010713931916089565,,,,,full_structured_reconstruction,,,,,,,,,,,,,,,,,,guard_validation,guard_validation,structured,0.0,0.0,,,derived_from_blind_safe_main_contract,derived_from_blind_safe_main_contract,,,unified_blind_protocol_v1,,,integrated_runtime_engine,integrated_runtime_engine,reconstruction_ablation/burgers_inverse/full_structured_reconstruction/seed_4,results/unified_blind_protocol/main_blind/burgers_inverse/full_gbsd/seed_4,results/unified_blind_protocol/main_blind/burgers_inverse/full_gbsd/seed_4,1.0,1.0,final,final,,,,,,,,,,,,,,,,,,,,,,,,,,,,,,,,,,,,,,,,,,,,,,,,,,,,,,,,,,,,,,,,,,,,,,,,,,,,,,,,,,,,,,,,,,
